Date,Open,High,Low,Close,Volume
2024-07-29,2377.300048828125,2477.0,2373.800048828125,2425.699951171875,154906
2024-08-05,2442.0,2449.800048828125,2367.39990234375,2432.10009765625,1439
2024-08-12,2432.699951171875,2508.0,2431.199951171875,2498.60009765625,1832
2024-08-19,2508.5,2527.300048828125,2471.10009765625,2508.39990234375,675
2024-08-26,2509.89990234375,2525.699951171875,2493.800048828125,2493.800048828125,6917
2024-09-02,2501.60009765625,2517.89990234375,2476.300048828125,2493.5,826
2024-09-09,2491.300048828125,2581.800048828125,2491.300048828125,2581.300048828125,354
2024-09-16,2580.39990234375,2621.800048828125,2549.199951171875,2619.89990234375,191
2024-09-23,2626.5,2672.10009765625,2625.5,2644.300048828125,21663
2024-09-30,2660.89990234375,2670.89990234375,2623.199951171875,2645.800048828125,1666
2024-10-07,2648.699951171875,2658.10009765625,2602.5,2657.60009765625,1455
2024-10-14,2655.0,2719.60009765625,2647.800048828125,2713.699951171875,144
2024-10-21,2721.89990234375,2746.0,2714.199951171875,2740.89990234375,219
2024-10-28,2736.10009765625,2789.0,2729.5,2738.60009765625,2093
2024-11-04,2736.5,2743.89990234375,2659.39990234375,2687.5,2180
2024-11-11,2671.699951171875,2671.699951171875,2554.199951171875,2565.699951171875,238
2024-11-18,2591.699951171875,2710.5,2589.39990234375,2709.89990234375,324
2024-11-25,2689.39990234375,2689.39990234375,2616.800048828125,2657.0,305119
2024-12-02,2649.0,2658.300048828125,2617.5,2638.60009765625,3150
2024-12-09,2632.10009765625,2733.800048828125,2630.800048828125,2656.0,8249
2024-12-16,2658.300048828125,2663.300048828125,2582.10009765625,2628.699951171875,2978
2024-12-23,2620.0,2638.800048828125,2609.5,2617.199951171875,1212
2024-12-30,2620.699951171875,2663.10009765625,2597.0,2645.0,3514
2025-01-06,2645.5,2720.10009765625,2617.300048828125,2708.5,4144
2025-01-13,2711.10009765625,2751.60009765625,2670.800048828125,2744.300048828125,5424
2025-01-20,2746.0,2792.0,2724.800048828125,2777.300048828125,8526
2025-01-27,2761.10009765625,2838.0,2737.5,2812.5,172567
2025-02-03,2818.199951171875,2889.5,2780.89990234375,2867.300048828125,14293
2025-02-10,2864.199951171875,2945.39990234375,2863.800048828125,2883.60009765625,13957
2025-02-17,2879.199951171875,2955.800048828125,2873.800048828125,2937.60009765625,9858
2025-02-24,2933.10009765625,2957.89990234375,2834.10009765625,2836.800048828125,8524
2025-03-03,2872.699951171875,2927.89990234375,2863.39990234375,2904.699951171875,3260
2025-03-10,2910.10009765625,3004.800048828125,2880.199951171875,2994.5,4631
2025-03-17,2991.0,3050.89990234375,2989.0,3018.199951171875,1153
2025-03-24,3024.300048828125,3094.89990234375,3006.0,3086.5,155859
2025-03-31,3091.0,3168.60009765625,3011.0,3012.0,19868
2025-04-07,3016.39990234375,3235.0,2949.699951171875,3222.199951171875,14130
2025-04-14,3215.5,3345.0,3194.5,3308.699951171875,3351
2025-04-21,3342.199951171875,3485.60009765625,3256.199951171875,3282.39990234375,1916
2025-04-28,3284.5,3340.0,3198.60009765625,3231.89990234375,6265
2025-05-05,3242.699951171875,3430.89990234375,3239.699951171875,3335.39990234375,4097
2025-05-12,3300.699951171875,3300.699951171875,3125.0,3182.0,7679
2025-05-19,3234.39990234375,3363.60009765625,3207.5,3363.60009765625,2858
2025-05-26,3332.5,3341.0,3242.39990234375,3288.89990234375,154530
2025-06-02,3296.89990234375,3400.0,3296.89990234375,3322.699951171875,8405
2025-06-09,3315.60009765625,3444.0,3290.0,3431.199951171875,6375
2025-06-16,3442.0,3442.0,3341.0,3368.10009765625,2666
2025-06-23,3365.89990234375,3387.89990234375,3253.800048828125,3273.699951171875,3283
2025-06-30,3265.89990234375,3362.0,3262.0,3332.5,1652
2025-07-07,3305.5,3370.0,3282.0,3356.0,2262
2025-07-14,3367.0,3375.5,3313.800048828125,3353.0,2072
2025-07-21,3350.300048828125,3441.0,3326.5,3334.0,1397
2025-07-28,3326.60009765625,3360.60009765625,3263.89990234375,3347.699951171875,140053
2025-08-04,3367.60009765625,3477.0,3347.39990234375,3439.10009765625,15879
2025-08-11,3383.89990234375,3383.89990234375,3328.89990234375,3336.0,5887
2025-08-18,3333.5,3377.699951171875,3310.10009765625,3374.39990234375,4896
2025-08-25,3366.0,3475.60009765625,3366.0,3473.699951171875,6206
2025-09-01,3485.699951171875,3613.199951171875,3485.699951171875,3613.199951171875,1892
2025-09-08,3594.5,3670.39990234375,3590.0,3649.39990234375,2375
2025-09-15,3640.0,3698.60009765625,3635.10009765625,3671.5,1057
2025-09-22,3688.199951171875,3786.0,3688.0,3775.300048828125,22832
2025-09-29,3754.800048828125,3891.89990234375,3754.800048828125,3880.800048828125,16059
2025-10-06,3931.300048828125,4049.199951171875,3926.800048828125,3975.89990234375,11176
2025-10-13,4016.0,4358.0,4016.0,4189.89990234375,16173
2025-10-20,4244.10009765625,4356.60009765625,4006.0,4118.39990234375,6407
2025-10-27,4060.0,4078.60009765625,3913.699951171875,3982.199951171875,3277
2025-11-03,3976.199951171875,4020.0,3927.39990234375,3999.39990234375,2111
2025-11-10,4060.0,4228.7001953125,4047.0,4087.60009765625,1804
2025-11-17,4070.0,4122.7001953125,4019.39990234375,4076.699951171875,3786
2025-11-24,4060.5,4223.89990234375,4060.5,4218.2998046875,187086
2025-12-01,4218.5,4262.10009765625,4167.0,4212.89990234375,4325
2025-12-08,4205.5,4355.0,4175.5,4300.10009765625,3729
2025-12-15,4308.2998046875,4361.39990234375,4270.5,4361.39990234375,6589
2025-12-22,4371.10009765625,4556.2998046875,4371.10009765625,4529.10009765625,1906
2025-12-29,4371.5,4403.60009765625,4285.0,4314.39990234375,5255
2026-01-05,4386.7001953125,4490.2998046875,4384.7998046875,4490.2998046875,4709
2026-01-12,4579.10009765625,4635.0,4577.7998046875,4588.39990234375,6418
2026-01-19,4662.2001953125,4976.2001953125,4661.7998046875,4976.2001953125,3577
2026-01-26,5081.5,5586.2001953125,4700.0,4713.89990234375,144351
2026-02-02,4807.7001953125,5082.2001953125,4400.0,4951.2001953125,10866
2026-02-09,5017.39990234375,5111.2998046875,4892.0,5022.0,3848
2026-02-16,5020.0,5072.7001953125,4847.7998046875,5059.2998046875,1255
2026-02-23,5120.2998046875,5280.0,5112.7001953125,5230.5,4513
2026-03-02,5346.60009765625,5405.0,5023.0,5146.10009765625,4376
2026-03-09,5155.0,5229.7001953125,5009.5,5052.5,6461
2026-03-16,5001.60009765625,5017.60009765625,4554.0,4570.39990234375,2692
2026-03-23,4353.0,4551.89990234375,4100.7998046875,4492.0,76728
2026-03-30,4482.7998046875,4789.10009765625,4413.39990234375,4651.5,16717
2026-04-06,4656.10009765625,4851.0,4605.0,4761.89990234375,2969
2026-04-13,4704.0,4879.7001953125,4704.0,4857.60009765625,3209
2026-04-20,4793.89990234375,4811.0,4657.5,4722.2998046875,3023
2026-04-27,4707.60009765625,4711.10009765625,4515.7001953125,4629.89990234375,3895
2026-05-04,4581.2001953125,4736.2001953125,4512.7001953125,4720.39990234375,1032
2026-05-11,4729.5,4765.2001953125,4524.2998046875,4555.7998046875,969
2026-05-18,4563.0,4570.2998046875,4465.10009765625,4521.0,2360
2026-05-25,4572.7998046875,4591.7998046875,4363.5,4560.5,100673
2026-06-01,4523.5,4541.39990234375,4319.10009765625,4337.10009765625,8746
2026-06-08,4324.2001953125,4344.5,4031.0,4215.0,5279
2026-06-15,4271.2001953125,4377.0,4141.10009765625,4145.2998046875,5261
2026-06-22,4138.7998046875,4216.39990234375,3963.300048828125,4078.699951171875,5957
2026-06-29,4057.5,4174.60009765625,3962.5,4174.60009765625,3119
2026-07-06,4175.39990234375,4199.7001953125,4053.0,4104.10009765625,1771
2026-07-13,4081.0,4091.199951171875,3964.199951171875,4012.699951171875,3287
2026-07-20,4003.39990234375,4152.10009765625,3999.699951171875,4067.60009765625,512
2026-07-27,4090.10009765625,4107.89990234375,4034.60009765625,4046.39990234375,19891
